{
  "name": "sensito",
  "color": "vrgb",
  "date": "2025-06-27_1158",
  "values": {
    "r": [
      0.29,
      0.29,
      0.34,
      0.41,
      0.48,
      0.56,
      0.66,
      0.76,
      0.86,
      0.96,
      1.06,
      1.16,
      1.25,
      1.35,
      1.44,
      1.53,
      1.62,
      1.71,
      1.79,
      1.88,
      1.96
    ],
    "g": [
      0.29,
      0.29,
      0.34,
      0.41,
      0.48,
      0.56,
      0.66,
      0.76,
      0.86,
      0.96,
      1.06,
      1.16,
      1.25,
      1.35,
      1.44,
      1.53,
      1.62,
      1.71,
      1.79,
      1.88,
      1.96
    ],
    "b": [
      0.29,
      0.29,
      0.34,
      0.41,
      0.48,
      0.56,
      0.66,
      0.76,
      0.86,
      0.96,
      1.06,
      1.16,
      1.25,
      1.35,
      1.44,
      1.53,
      1.62,
      1.71,
      1.79,
      1.88,
      1.96
    ]
  }
}