{
  "name": "sensito",
  "color": "vrgb",
  "date": "2025-06-24",
  "values": {
    "v": [
      1.4,
      1.91,
      2.47,
      1.67,
      1.19,
      1.23,
      1.62,
      1.71,
      1.72,
      1.54,
      1.65,
      1.15,
      1.49,
      1.97,
      1.61,
      1.38,
      1.51,
      3.16,
      1.45,
      2.26,
      0.91
    ],
    "r": [
      1.02,
      1.54,
      2.29,
      1.53,
      1.05,
      0.88,
      1.25,
      1.46,
      1.72,
      1.33,
      1.67,
      1.15,
      1.44,
      2.01,
      1.58,
      1.03,
      1.17,
      2.82,
      1.25,
      2.25,
      0.85
    ],
    "g": [
      1.7,
      2.32,
      2.61,
      1.82,
      1.27,
      1.44,
      1.94,
      1.91,
      1.74,
      1.68,
      1.69,
      1.18,
      1.52,
      1.99,
      1.64,
      1.62,
      1.81,
      3.71,
      1.53,
      2.29,
      0.94
    ],
    "b": [
      1.91,
      2.67,
      2.61,
      2.35,
      1.35,
      1.46,
      1.95,
      1.97,
      2.17,
      1.79,
      2.09,
      1.4,
      1.93,
      2.47,
      1.75,
      1.75,
      1.94,
      5.38,
      1.67,
      2.64,
      0.78
    ]
  }
}